participant.id_in_session,participant.code,participant.label,participant._is_bot,participant._index_in_pages,participant._max_page_index,participant._current_app_name,participant._current_page_name,participant.time_started_utc,participant.visited,participant.mturk_worker_id,participant.mturk_assignment_id,participant.payoff,player.id_in_group,player.role,player.payoff,player.age,player.gender,player.field_of_study,group.id_in_subsession,subsession.round_number,session.code,session.label,session.mturk_HITId,session.mturk_HITGroupId,session.comment,session.is_demo
1,7i15bv57,,0,0,68,,,,0,,,0.0,1,,0.0,,,,1,1,yi2ntbv4,,,,,1
2,tj6d7rea,,0,0,68,,,,0,,,0.0,2,,0.0,,,,1,1,yi2ntbv4,,,,,1
3,set238gu,,0,0,68,,,,0,,,0.0,3,,0.0,,,,1,1,yi2ntbv4,,,,,1
4,jlwmrbum,,0,0,68,,,,0,,,0.0,4,,0.0,,,,1,1,yi2ntbv4,,,,,1
5,1h49w6dv,,0,0,68,,,,0,,,0.0,5,,0.0,,,,1,1,yi2ntbv4,,,,,1
6,te0xlt89,,0,0,68,,,,0,,,0.0,6,,0.0,,,,1,1,yi2ntbv4,,,,,1
7,pfj31wxd,,0,0,68,,,,0,,,0.0,7,,0.0,,,,1,1,yi2ntbv4,,,,,1
8,9p6auc39,,0,0,68,,,,0,,,0.0,8,,0.0,,,,1,1,yi2ntbv4,,,,,1
9,l2xptvik,,0,0,68,,,,0,,,0.0,9,,0.0,,,,1,1,yi2ntbv4,,,,,1
10,ejjv3emn,,0,0,68,,,,0,,,0.0,10,,0.0,,,,1,1,yi2ntbv4,,,,,1
11,howanetb,,0,0,68,,,,0,,,0.0,11,,0.0,,,,1,1,yi2ntbv4,,,,,1
12,2qcn7lg2,,0,0,68,,,,0,,,0.0,12,,0.0,,,,1,1,yi2ntbv4,,,,,1
13,7h888f0f,,0,0,68,,,,0,,,0.0,13,,0.0,,,,1,1,yi2ntbv4,,,,,1
14,6i9x94lh,,0,0,68,,,,0,,,0.0,14,,0.0,,,,1,1,yi2ntbv4,,,,,1
15,0z4884q6,,0,0,68,,,,0,,,0.0,15,,0.0,,,,1,1,yi2ntbv4,,,,,1
16,p57eezjz,,0,0,68,,,,0,,,0.0,16,,0.0,,,,1,1,yi2ntbv4,,,,,1
1,ldxs15ja,,0,1,68,credencegoodsBJS,Welcome,2025-11-17 09:33:15.850183,1,,,0.0,1,,0.0,,,,1,1,37csi4qr,,,,,1
2,vbwntz7d,,0,1,68,credencegoodsBJS,Welcome,2025-11-17 09:33:16.323026,1,,,0.0,2,,0.0,,,,1,1,37csi4qr,,,,,1
3,vf1lpw5x,,0,1,68,credencegoodsBJS,Welcome,2025-11-17 09:33:16.874426,1,,,0.0,3,,0.0,,,,1,1,37csi4qr,,,,,1
4,hgyf10la,,0,1,68,credencegoodsBJS,Welcome,2025-11-17 09:33:17.329972,1,,,0.0,4,,0.0,,,,1,1,37csi4qr,,,,,1
5,w39iz2n2,,0,0,68,,,,0,,,0.0,5,,0.0,,,,1,1,37csi4qr,,,,,1
6,zrn0ja91,,0,0,68,,,,0,,,0.0,6,,0.0,,,,1,1,37csi4qr,,,,,1
7,h0t56vwc,,0,0,68,,,,0,,,0.0,7,,0.0,,,,1,1,37csi4qr,,,,,1
8,hvsfmv9t,,0,0,68,,,,0,,,0.0,8,,0.0,,,,1,1,37csi4qr,,,,,1
9,n78sjeww,,0,0,68,,,,0,,,0.0,9,,0.0,,,,1,1,37csi4qr,,,,,1
10,abhty8aw,,0,0,68,,,,0,,,0.0,10,,0.0,,,,1,1,37csi4qr,,,,,1
11,tqzwf3ue,,0,0,68,,,,0,,,0.0,11,,0.0,,,,1,1,37csi4qr,,,,,1
12,p7clbnrr,,0,0,68,,,,0,,,0.0,12,,0.0,,,,1,1,37csi4qr,,,,,1
13,f0kp38gz,,0,0,68,,,,0,,,0.0,13,,0.0,,,,1,1,37csi4qr,,,,,1
14,nfqmdhke,,0,0,68,,,,0,,,0.0,14,,0.0,,,,1,1,37csi4qr,,,,,1
15,q17qwblm,,0,0,68,,,,0,,,0.0,15,,0.0,,,,1,1,37csi4qr,,,,,1
16,agzttm0m,,0,0,68,,,,0,,,0.0,16,,0.0,,,,1,1,37csi4qr,,,,,1
1,tdmqyd4p,,0,0,68,,,,0,,,0.0,1,,0.0,,,,1,1,bown5hd4,,,,,1
2,jd8uqgns,,0,0,68,,,,0,,,0.0,2,,0.0,,,,1,1,bown5hd4,,,,,1
3,sicfdm45,,0,0,68,,,,0,,,0.0,3,,0.0,,,,1,1,bown5hd4,,,,,1
4,4xz60i8c,,0,0,68,,,,0,,,0.0,4,,0.0,,,,1,1,bown5hd4,,,,,1
5,v881jwer,,0,0,68,,,,0,,,0.0,5,,0.0,,,,1,1,bown5hd4,,,,,1
6,cec57ane,,0,0,68,,,,0,,,0.0,6,,0.0,,,,1,1,bown5hd4,,,,,1
7,w0lwm2lz,,0,0,68,,,,0,,,0.0,7,,0.0,,,,1,1,bown5hd4,,,,,1
8,1ngm7207,,0,0,68,,,,0,,,0.0,8,,0.0,,,,1,1,bown5hd4,,,,,1
1,t8nor3hi,,0,68,68,payment_uar,RedirectUAR,2025-11-17 09:34:25.874349,1,,,41.0,1,,0.0,0,,,1,1,afaryjb1,,,,,1
2,qnj8s0f8,,0,68,68,payment_uar,RedirectUAR,2025-11-17 09:34:26.282266,1,,,11.0,2,,0.0,0,,,1,1,afaryjb1,,,,,1
3,r5zuhat8,,0,68,68,payment_uar,RedirectUAR,2025-11-17 09:34:26.682676,1,,,6.0,3,,0.0,0,,,1,1,afaryjb1,,,,,1
4,ok5vhyxe,,0,68,68,payment_uar,RedirectUAR,2025-11-17 09:34:27.283521,1,,,17.0,4,,0.0,0,,,1,1,afaryjb1,,,,,1
5,d1jeg2q5,,0,68,68,payment_uar,RedirectUAR,2025-11-17 09:34:27.908610,1,,,7.0,5,,0.0,0,,,1,1,afaryjb1,,,,,1
6,5at5t5bv,,0,68,68,payment_uar,RedirectUAR,2025-11-17 09:34:28.323085,1,,,5.0,6,,0.0,0,,,1,1,afaryjb1,,,,,1
7,00vu8bxj,,0,68,68,payment_uar,RedirectUAR,2025-11-17 09:34:28.728773,1,,,13.0,7,,0.0,0,,,1,1,afaryjb1,,,,,1
8,r6qz1mlk,,0,68,68,payment_uar,RedirectUAR,2025-11-17 09:34:29.110338,1,,,16.0,8,,0.0,0,,,1,1,afaryjb1,,,,,1
1,kkoxza3q,,0,56,56,payment_uar,RedirectUAR,2025-11-17 09:44:34.864594,1,,,24.0,1,,0.0,0,,,1,1,9tlf8m9k,,,,,1
2,f5qsa2it,,0,56,56,payment_uar,RedirectUAR,2025-11-17 09:44:35.264578,1,,,11.0,2,,0.0,0,,,1,1,9tlf8m9k,,,,,1
3,pmua02l6,,0,56,56,payment_uar,RedirectUAR,2025-11-17 09:44:35.735373,1,,,15.0,3,,0.0,0,,,1,1,9tlf8m9k,,,,,1
4,gifglz6q,,0,56,56,payment_uar,RedirectUAR,2025-11-17 09:44:36.174783,1,,,22.0,4,,0.0,0,,,1,1,9tlf8m9k,,,,,1
5,2tejlr66,,0,56,56,payment_uar,RedirectUAR,2025-11-17 09:44:36.975738,1,,,6.0,5,,0.0,0,,,1,1,9tlf8m9k,,,,,1
6,kh30zw38,,0,56,56,payment_uar,RedirectUAR,2025-11-17 09:44:37.631528,1,,,6.0,6,,0.0,0,,,1,1,9tlf8m9k,,,,,1
7,euf5grnz,,0,56,56,payment_uar,RedirectUAR,2025-11-17 09:44:39.183653,1,,,12.0,7,,0.0,0,,,1,1,9tlf8m9k,,,,,1
8,4b7jpfw2,,0,56,56,payment_uar,RedirectUAR,2025-11-17 09:44:40.136814,1,,,13.0,8,,0.0,0,,,1,1,9tlf8m9k,,,,,1
1,1pf47gy9,,0,13,68,credencegoodsBJS,RoundResults,2025-11-17 09:50:53.651331,1,,,1.0,1,,0.0,,,,1,1,jk0m8p6m,,,,,1
2,whc09ifc,,0,13,68,credencegoodsBJS,RoundResults,2025-11-17 09:50:54.321538,1,,,7.0,2,,0.0,,,,1,1,jk0m8p6m,,,,,1
3,wxezeb63,,0,13,68,credencegoodsBJS,RoundResults,2025-11-17 09:50:54.890094,1,,,3.0,3,,0.0,,,,1,1,jk0m8p6m,,,,,1
4,zj5wly3z,,0,13,68,credencegoodsBJS,RoundResults,2025-11-17 09:50:55.254610,1,,,13.0,4,,0.0,,,,1,1,jk0m8p6m,,,,,1
5,6t6ner7z,,0,13,68,credencegoodsBJS,RoundResults,2025-11-17 09:50:55.681692,1,,,7.0,5,,0.0,,,,1,1,jk0m8p6m,,,,,1
6,jjik9sls,,0,13,68,credencegoodsBJS,RoundResults,2025-11-17 09:50:57.052324,1,,,1.0,6,,0.0,,,,1,1,jk0m8p6m,,,,,1
7,prscrz2h,,0,13,68,credencegoodsBJS,RoundResults,2025-11-17 09:50:58.106371,1,,,2.0,7,,0.0,,,,1,1,jk0m8p6m,,,,,1
8,58do2lzy,,0,13,68,credencegoodsBJS,RoundResults,2025-11-17 09:50:58.529500,1,,,2.0,8,,0.0,,,,1,1,jk0m8p6m,,,,,1
1,bp15fbl7,,0,10,56,credencegoodsBJS_Exo,RoundResults,2025-11-17 09:52:55.269603,1,,,1.0,1,,0.0,,,,1,1,tczrizqa,,,,,1
2,bqfi6axr,,0,10,56,credencegoodsBJS_Exo,RoundResults,2025-11-17 09:52:55.823018,1,,,1.0,2,,0.0,,,,1,1,tczrizqa,,,,,1
3,qrylk0yx,,0,10,56,credencegoodsBJS_Exo,RoundResults,2025-11-17 09:52:56.268155,1,,,5.0,3,,0.0,,,,1,1,tczrizqa,,,,,1
4,d2ku59jz,,0,10,56,credencegoodsBJS_Exo,RoundResults,2025-11-17 09:52:57.179629,1,,,3.0,4,,0.0,,,,1,1,tczrizqa,,,,,1
5,iba9qi17,,0,10,56,credencegoodsBJS_Exo,RoundResults,2025-11-17 09:52:57.779762,1,,,4.0,5,,0.0,,,,1,1,tczrizqa,,,,,1
6,tbeu4f5h,,0,10,56,credencegoodsBJS_Exo,RoundResults,2025-11-17 09:53:02.246619,1,,,7.0,6,,0.0,,,,1,1,tczrizqa,,,,,1
7,cxb1l4ii,,0,10,56,credencegoodsBJS_Exo,RoundResults,2025-11-17 09:53:02.787164,1,,,1.0,7,,0.0,,,,1,1,tczrizqa,,,,,1
8,jwtqrtbw,,0,10,56,credencegoodsBJS_Exo,RoundResults,2025-11-17 09:53:03.278316,1,,,1.0,8,,0.0,,,,1,1,tczrizqa,,,,,1
1,7gwc5miu,752,0,212,212,payment_uar,RedirectUAR,2025-11-17 11:17:41.280761,1,,,124.0,1,,0.0,26,m,Mathématiques ; Informatique,1,1,yera7rrx,session 2 : exogene,,,Session 2 17 11 12h Traitement exogene  816 341 et 103 lent   451 très très lente   Question récurrente  comment le Joueur A sait combien il paie au Joueur B,0
2,utgepvr5,672,0,212,212,payment_uar,RedirectUAR,2025-11-17 11:17:41.289526,1,,,117.0,2,,0.0,24,f,Psychologie,1,1,yera7rrx,session 2 : exogene,,,Session 2 17 11 12h Traitement exogene  816 341 et 103 lent   451 très très lente   Question récurrente  comment le Joueur A sait combien il paie au Joueur B,0
3,x4h8w8ov,748,0,212,212,payment_uar,RedirectUAR,2025-11-17 11:17:41.294488,1,,,132.0,3,,0.0,23,f,sciences de l'environnement,1,1,yera7rrx,session 2 : exogene,,,Session 2 17 11 12h Traitement exogene  816 341 et 103 lent   451 très très lente   Question récurrente  comment le Joueur A sait combien il paie au Joueur B,0
4,kzs09zp2,341,0,212,212,payment_uar,RedirectUAR,2025-11-17 11:17:41.298492,1,,,120.0,4,,0.0,19,f,Techniques de Commercialisation,1,1,yera7rrx,session 2 : exogene,,,Session 2 17 11 12h Traitement exogene  816 341 et 103 lent   451 très très lente   Question récurrente  comment le Joueur A sait combien il paie au Joueur B,0
5,9xjldfu7,281,0,212,212,payment_uar,RedirectUAR,2025-11-17 11:17:41.302375,1,,,65.0,5,,0.0,22,m,ingénieur,1,1,yera7rrx,session 2 : exogene,,,Session 2 17 11 12h Traitement exogene  816 341 et 103 lent   451 très très lente   Question récurrente  comment le Joueur A sait combien il paie au Joueur B,0
6,7bcqj2vi,609,0,212,212,payment_uar,RedirectUAR,2025-11-17 11:17:41.306678,1,,,66.0,6,,0.0,24,f,Coopération Internationale,1,1,yera7rrx,session 2 : exogene,,,Session 2 17 11 12h Traitement exogene  816 341 et 103 lent   451 très très lente   Question récurrente  comment le Joueur A sait combien il paie au Joueur B,0
7,4iflg2j6,402,0,212,212,payment_uar,RedirectUAR,2025-11-17 11:17:41.320089,1,,,63.0,7,,0.0,19,f,commerces,1,1,yera7rrx,session 2 : exogene,,,Session 2 17 11 12h Traitement exogene  816 341 et 103 lent   451 très très lente   Question récurrente  comment le Joueur A sait combien il paie au Joueur B,0
8,v410p70w,904,0,212,212,payment_uar,RedirectUAR,2025-11-17 11:17:41.334746,1,,,67.0,8,,0.0,24,f,Psychologie ,1,1,yera7rrx,session 2 : exogene,,,Session 2 17 11 12h Traitement exogene  816 341 et 103 lent   451 très très lente   Question récurrente  comment le Joueur A sait combien il paie au Joueur B,0
9,9pmzhqkc,103,0,212,212,payment_uar,RedirectUAR,2025-11-17 11:17:41.508125,1,,,133.0,9,,0.0,23,f,Psychologie,1,1,yera7rrx,session 2 : exogene,,,Session 2 17 11 12h Traitement exogene  816 341 et 103 lent   451 très très lente   Question récurrente  comment le Joueur A sait combien il paie au Joueur B,0
10,ec23mjdt,382,0,212,212,payment_uar,RedirectUAR,2025-11-17 11:17:41.479254,1,,,127.0,10,,0.0,21,m,Ingénierie,1,1,yera7rrx,session 2 : exogene,,,Session 2 17 11 12h Traitement exogene  816 341 et 103 lent   451 très très lente   Question récurrente  comment le Joueur A sait combien il paie au Joueur B,0
11,5f9zi98m,680,0,212,212,payment_uar,RedirectUAR,2025-11-17 11:17:41.513716,1,,,125.0,11,,0.0,23,m,Informatique,1,1,yera7rrx,session 2 : exogene,,,Session 2 17 11 12h Traitement exogene  816 341 et 103 lent   451 très très lente   Question récurrente  comment le Joueur A sait combien il paie au Joueur B,0
12,9oe86h6k,634,0,212,212,payment_uar,RedirectUAR,2025-11-17 11:17:41.503446,1,,,113.0,12,,0.0,47,f,commercial,1,1,yera7rrx,session 2 : exogene,,,Session 2 17 11 12h Traitement exogene  816 341 et 103 lent   451 très très lente   Question récurrente  comment le Joueur A sait combien il paie au Joueur B,0
13,yrkawe32,238,0,212,212,payment_uar,RedirectUAR,2025-11-17 11:17:41.553093,1,,,70.0,13,,0.0,28,m,Ingenieur,1,1,yera7rrx,session 2 : exogene,,,Session 2 17 11 12h Traitement exogene  816 341 et 103 lent   451 très très lente   Question récurrente  comment le Joueur A sait combien il paie au Joueur B,0
14,jsvse3wp,579,0,212,212,payment_uar,RedirectUAR,2025-11-17 11:17:41.536238,1,,,42.0,14,,0.0,22,m,Génie Industriel,1,1,yera7rrx,session 2 : exogene,,,Session 2 17 11 12h Traitement exogene  816 341 et 103 lent   451 très très lente   Question récurrente  comment le Joueur A sait combien il paie au Joueur B,0
15,r1w53ksj,777,0,212,212,payment_uar,RedirectUAR,2025-11-17 11:17:41.598974,1,,,60.0,15,,0.0,22,m,Architecture,1,1,yera7rrx,session 2 : exogene,,,Session 2 17 11 12h Traitement exogene  816 341 et 103 lent   451 très très lente   Question récurrente  comment le Joueur A sait combien il paie au Joueur B,0
16,dxyrl4of,145,0,212,212,payment_uar,RedirectUAR,2025-11-17 11:17:41.680769,1,,,62.0,16,,0.0,20,f,Droit,1,1,yera7rrx,session 2 : exogene,,,Session 2 17 11 12h Traitement exogene  816 341 et 103 lent   451 très très lente   Question récurrente  comment le Joueur A sait combien il paie au Joueur B,0
17,328h9my3,157,0,212,212,payment_uar,RedirectUAR,2025-11-17 11:17:41.592826,1,,,81.0,17,,0.0,30,m,Management ,1,1,yera7rrx,session 2 : exogene,,,Session 2 17 11 12h Traitement exogene  816 341 et 103 lent   451 très très lente   Question récurrente  comment le Joueur A sait combien il paie au Joueur B,0
18,2atr7nin,864,0,212,212,payment_uar,RedirectUAR,2025-11-17 11:17:41.627918,1,,,97.0,18,,0.0,23,f,architecture,1,1,yera7rrx,session 2 : exogene,,,Session 2 17 11 12h Traitement exogene  816 341 et 103 lent   451 très très lente   Question récurrente  comment le Joueur A sait combien il paie au Joueur B,0
19,jo3uhzpl,451,0,212,212,payment_uar,RedirectUAR,2025-11-17 11:17:41.621857,1,,,91.0,19,,0.0,46,f,PHD Bac plus 8,1,1,yera7rrx,session 2 : exogene,,,Session 2 17 11 12h Traitement exogene  816 341 et 103 lent   451 très très lente   Question récurrente  comment le Joueur A sait combien il paie au Joueur B,0
20,i726n1sv,300,0,212,212,payment_uar,RedirectUAR,2025-11-17 11:17:41.688757,1,,,97.0,20,,0.0,20,f,marketing digital,1,1,yera7rrx,session 2 : exogene,,,Session 2 17 11 12h Traitement exogene  816 341 et 103 lent   451 très très lente   Question récurrente  comment le Joueur A sait combien il paie au Joueur B,0
21,0brd9rh3,523,0,212,212,payment_uar,RedirectUAR,2025-11-17 11:17:41.710528,1,,,16.0,21,,0.0,28,f,Sociologie,1,1,yera7rrx,session 2 : exogene,,,Session 2 17 11 12h Traitement exogene  816 341 et 103 lent   451 très très lente   Question récurrente  comment le Joueur A sait combien il paie au Joueur B,0
22,dvjmiew1,536,0,212,212,payment_uar,RedirectUAR,2025-11-17 11:17:41.862102,1,,,55.0,22,,0.0,24,m,Economie,1,1,yera7rrx,session 2 : exogene,,,Session 2 17 11 12h Traitement exogene  816 341 et 103 lent   451 très très lente   Question récurrente  comment le Joueur A sait combien il paie au Joueur B,0
23,c4pryuz6,913,0,212,212,payment_uar,RedirectUAR,2025-11-17 11:17:41.844688,1,,,60.0,23,,0.0,20,f,Commerce,1,1,yera7rrx,session 2 : exogene,,,Session 2 17 11 12h Traitement exogene  816 341 et 103 lent   451 très très lente   Question récurrente  comment le Joueur A sait combien il paie au Joueur B,0
24,bnsmt1j4,961,0,212,212,payment_uar,RedirectUAR,2025-11-17 11:17:41.849289,1,,,69.0,24,,0.0,21,f,droit,1,1,yera7rrx,session 2 : exogene,,,Session 2 17 11 12h Traitement exogene  816 341 et 103 lent   451 très très lente   Question récurrente  comment le Joueur A sait combien il paie au Joueur B,0
25,j2wlcd73,816,0,212,212,payment_uar,RedirectUAR,2025-11-17 11:17:41.878368,1,,,128.0,25,,0.0,20,m,Etudiant en génie industriel 1A,1,1,yera7rrx,session 2 : exogene,,,Session 2 17 11 12h Traitement exogene  816 341 et 103 lent   451 très très lente   Question récurrente  comment le Joueur A sait combien il paie au Joueur B,0
26,hc7hb2na,110,0,212,212,payment_uar,RedirectUAR,2025-11-17 11:17:41.950604,1,,,128.0,26,,0.0,24,m,Droit,1,1,yera7rrx,session 2 : exogene,,,Session 2 17 11 12h Traitement exogene  816 341 et 103 lent   451 très très lente   Question récurrente  comment le Joueur A sait combien il paie au Joueur B,0
27,a0r9hbn8,319,0,212,212,payment_uar,RedirectUAR,2025-11-17 11:17:41.959253,1,,,94.0,27,,0.0,22,m,ingénieur,1,1,yera7rrx,session 2 : exogene,,,Session 2 17 11 12h Traitement exogene  816 341 et 103 lent   451 très très lente   Question récurrente  comment le Joueur A sait combien il paie au Joueur B,0
28,hby0pod7,893,0,212,212,payment_uar,RedirectUAR,2025-11-17 11:17:42.010310,1,,,102.0,28,,0.0,28,f,Traduction,1,1,yera7rrx,session 2 : exogene,,,Session 2 17 11 12h Traitement exogene  816 341 et 103 lent   451 très très lente   Question récurrente  comment le Joueur A sait combien il paie au Joueur B,0
29,8rg3lc9e,825,0,212,212,payment_uar,RedirectUAR,2025-11-17 11:17:42.003755,1,,,71.0,29,,0.0,20,f,Biologie,1,1,yera7rrx,session 2 : exogene,,,Session 2 17 11 12h Traitement exogene  816 341 et 103 lent   451 très très lente   Question récurrente  comment le Joueur A sait combien il paie au Joueur B,0
30,ph5f5g8h,615,0,212,212,payment_uar,RedirectUAR,2025-11-17 11:17:42.262589,1,,,79.0,30,,0.0,20,f,santé,1,1,yera7rrx,session 2 : exogene,,,Session 2 17 11 12h Traitement exogene  816 341 et 103 lent   451 très très lente   Question récurrente  comment le Joueur A sait combien il paie au Joueur B,0
31,e1d23cjz,131,0,212,212,payment_uar,RedirectUAR,2025-11-17 11:17:42.333635,1,,,46.0,31,,0.0,24,f,Communication,1,1,yera7rrx,session 2 : exogene,,,Session 2 17 11 12h Traitement exogene  816 341 et 103 lent   451 très très lente   Question récurrente  comment le Joueur A sait combien il paie au Joueur B,0
32,44xj6kyp,473,0,212,212,payment_uar,RedirectUAR,2025-11-17 11:17:42.414832,1,,,66.0,32,,0.0,21,f,ingénierie en génie industriel,1,1,yera7rrx,session 2 : exogene,,,Session 2 17 11 12h Traitement exogene  816 341 et 103 lent   451 très très lente   Question récurrente  comment le Joueur A sait combien il paie au Joueur B,0
1,88e8soow,473,0,260,260,payment_uar,RedirectUAR,2025-11-17 14:11:11.765356,1,,,188.0,1,,0.0,21,f,Ingénierie,1,1,287abcfy,session 3 : baseline,,,session 3 17/11 15h : baseline  579 pose une question stratégique alors qu'il est Joueur A je pense qu'il avait compris comment maximiser son gain.  103 et 217 un peu lent    session très rapide et expérimentés très réactifs,0
2,pg1myed3,672,0,260,260,payment_uar,RedirectUAR,2025-11-17 14:11:11.782371,1,,,128.0,2,,0.0,20,m,ingé,1,1,287abcfy,session 3 : baseline,,,session 3 17/11 15h : baseline  579 pose une question stratégique alors qu'il est Joueur A je pense qu'il avait compris comment maximiser son gain.  103 et 217 un peu lent    session très rapide et expérimentés très réactifs,0
3,396zg4qq,382,0,260,260,payment_uar,RedirectUAR,2025-11-17 14:11:11.786802,1,,,128.0,3,,0.0,21,m,Ingénieur,1,1,287abcfy,session 3 : baseline,,,session 3 17/11 15h : baseline  579 pose une question stratégique alors qu'il est Joueur A je pense qu'il avait compris comment maximiser son gain.  103 et 217 un peu lent    session très rapide et expérimentés très réactifs,0
4,cbhrmgor,680,0,260,260,payment_uar,RedirectUAR,2025-11-17 14:11:11.790977,1,,,136.0,4,,0.0,25,f,STAPS,1,1,287abcfy,session 3 : baseline,,,session 3 17/11 15h : baseline  579 pose une question stratégique alors qu'il est Joueur A je pense qu'il avait compris comment maximiser son gain.  103 et 217 un peu lent    session très rapide et expérimentés très réactifs,0
5,xx63kiff,319,0,260,260,payment_uar,RedirectUAR,2025-11-17 14:11:11.795384,1,,,40.0,5,,0.0,19,f,Commerce,1,1,287abcfy,session 3 : baseline,,,session 3 17/11 15h : baseline  579 pose une question stratégique alors qu'il est Joueur A je pense qu'il avait compris comment maximiser son gain.  103 et 217 un peu lent    session très rapide et expérimentés très réactifs,0
6,f67gracn,131,0,260,260,payment_uar,RedirectUAR,2025-11-17 14:11:11.800101,1,,,40.0,6,,0.0,22,m,economie,1,1,287abcfy,session 3 : baseline,,,session 3 17/11 15h : baseline  579 pose une question stratégique alors qu'il est Joueur A je pense qu'il avait compris comment maximiser son gain.  103 et 217 un peu lent    session très rapide et expérimentés très réactifs,0
7,u3xnz9dd,615,0,260,260,payment_uar,RedirectUAR,2025-11-17 14:11:11.804055,1,,,43.0,7,,0.0,21,m,Ingénieurie,1,1,287abcfy,session 3 : baseline,,,session 3 17/11 15h : baseline  579 pose une question stratégique alors qu'il est Joueur A je pense qu'il avait compris comment maximiser son gain.  103 et 217 un peu lent    session très rapide et expérimentés très réactifs,0
8,h06f63tp,536,0,260,260,payment_uar,RedirectUAR,2025-11-17 14:11:11.808276,1,,,40.0,8,,0.0,20,m,ingenieur,1,1,287abcfy,session 3 : baseline,,,session 3 17/11 15h : baseline  579 pose une question stratégique alors qu'il est Joueur A je pense qu'il avait compris comment maximiser son gain.  103 et 217 un peu lent    session très rapide et expérimentés très réactifs,0
9,xu6ha2ba,402,0,260,260,payment_uar,RedirectUAR,2025-11-17 14:11:11.812043,1,,,130.0,9,,0.0,22,m,Génie Industriel,1,1,287abcfy,session 3 : baseline,,,session 3 17/11 15h : baseline  579 pose une question stratégique alors qu'il est Joueur A je pense qu'il avait compris comment maximiser son gain.  103 et 217 un peu lent    session très rapide et expérimentés très réactifs,0
10,7pna2za7,145,0,260,260,payment_uar,RedirectUAR,2025-11-17 14:11:11.815546,1,,,97.0,10,,0.0,19,m,Techniques de commercialisation,1,1,287abcfy,session 3 : baseline,,,session 3 17/11 15h : baseline  579 pose une question stratégique alors qu'il est Joueur A je pense qu'il avait compris comment maximiser son gain.  103 et 217 un peu lent    session très rapide et expérimentés très réactifs,0
11,hcnaqte1,238,0,260,260,payment_uar,RedirectUAR,2025-11-17 14:11:11.819302,1,,,96.0,11,,0.0,20,f,génie industriel,1,1,287abcfy,session 3 : baseline,,,session 3 17/11 15h : baseline  579 pose une question stratégique alors qu'il est Joueur A je pense qu'il avait compris comment maximiser son gain.  103 et 217 un peu lent    session très rapide et expérimentés très réactifs,0
12,b2kgb7up,609,0,260,260,payment_uar,RedirectUAR,2025-11-17 14:11:11.822823,1,,,103.0,12,,0.0,22,m,ECONOMIE,1,1,287abcfy,session 3 : baseline,,,session 3 17/11 15h : baseline  579 pose une question stratégique alors qu'il est Joueur A je pense qu'il avait compris comment maximiser son gain.  103 et 217 un peu lent    session très rapide et expérimentés très réactifs,0
13,zw058nzi,259,0,260,260,payment_uar,RedirectUAR,2025-11-17 14:11:11.826673,1,,,35.0,13,,0.0,20,m,génie industriel,1,1,287abcfy,session 3 : baseline,,,session 3 17/11 15h : baseline  579 pose une question stratégique alors qu'il est Joueur A je pense qu'il avait compris comment maximiser son gain.  103 et 217 un peu lent    session très rapide et expérimentés très réactifs,0
14,9pp5n40r,634,0,260,260,payment_uar,RedirectUAR,2025-11-17 14:11:11.830740,1,,,31.0,14,,0.0,20,f,commerce,1,1,287abcfy,session 3 : baseline,,,session 3 17/11 15h : baseline  579 pose une question stratégique alors qu'il est Joueur A je pense qu'il avait compris comment maximiser son gain.  103 et 217 un peu lent    session très rapide et expérimentés très réactifs,0
15,eaueqd0u,341,0,260,260,payment_uar,RedirectUAR,2025-11-17 14:11:11.835604,1,,,42.0,15,,0.0,21,f,GENIE INDUSTRIEL,1,1,287abcfy,session 3 : baseline,,,session 3 17/11 15h : baseline  579 pose une question stratégique alors qu'il est Joueur A je pense qu'il avait compris comment maximiser son gain.  103 et 217 un peu lent    session très rapide et expérimentés très réactifs,0
16,evzsl8iq,300,0,260,260,payment_uar,RedirectUAR,2025-11-17 14:11:11.839595,1,,,33.0,16,,0.0,20,m,Sciences de l'éducation,1,1,287abcfy,session 3 : baseline,,,session 3 17/11 15h : baseline  579 pose une question stratégique alors qu'il est Joueur A je pense qu'il avait compris comment maximiser son gain.  103 et 217 un peu lent    session très rapide et expérimentés très réactifs,0
17,isvxlxnu,103,0,260,260,payment_uar,RedirectUAR,2025-11-17 14:11:11.843917,1,,,152.0,17,,0.0,19,f,BUT Technique de commercialisation,1,1,287abcfy,session 3 : baseline,,,session 3 17/11 15h : baseline  579 pose une question stratégique alors qu'il est Joueur A je pense qu'il avait compris comment maximiser son gain.  103 et 217 un peu lent    session très rapide et expérimentés très réactifs,0
18,xhei4wm6,110,0,260,260,payment_uar,RedirectUAR,2025-11-17 14:11:11.848810,1,,,131.0,18,,0.0,20,m,INFORMATIQUE,1,1,287abcfy,session 3 : baseline,,,session 3 17/11 15h : baseline  579 pose une question stratégique alors qu'il est Joueur A je pense qu'il avait compris comment maximiser son gain.  103 et 217 un peu lent    session très rapide et expérimentés très réactifs,0
19,zfrk19lv,217,0,260,260,payment_uar,RedirectUAR,2025-11-17 14:11:11.852551,1,,,110.0,19,,0.0,20,m,Psychologie,1,1,287abcfy,session 3 : baseline,,,session 3 17/11 15h : baseline  579 pose une question stratégique alors qu'il est Joueur A je pense qu'il avait compris comment maximiser son gain.  103 et 217 un peu lent    session très rapide et expérimentés très réactifs,0
20,rdfs0wp2,816,0,260,260,payment_uar,RedirectUAR,2025-11-17 14:11:11.865441,1,,,123.0,20,,0.0,21,m,Management,1,1,287abcfy,session 3 : baseline,,,session 3 17/11 15h : baseline  579 pose une question stratégique alors qu'il est Joueur A je pense qu'il avait compris comment maximiser son gain.  103 et 217 un peu lent    session très rapide et expérimentés très réactifs,0
21,u7dt01th,825,0,260,260,payment_uar,RedirectUAR,2025-11-17 14:11:11.869669,1,,,52.0,21,,0.0,21,m,INGENIEUR gi,1,1,287abcfy,session 3 : baseline,,,session 3 17/11 15h : baseline  579 pose une question stratégique alors qu'il est Joueur A je pense qu'il avait compris comment maximiser son gain.  103 et 217 un peu lent    session très rapide et expérimentés très réactifs,0
22,wivj7dwy,451,0,260,260,payment_uar,RedirectUAR,2025-11-17 14:11:11.874004,1,,,50.0,22,,0.0,22,f,DROIT,1,1,287abcfy,session 3 : baseline,,,session 3 17/11 15h : baseline  579 pose une question stratégique alors qu'il est Joueur A je pense qu'il avait compris comment maximiser son gain.  103 et 217 un peu lent    session très rapide et expérimentés très réactifs,0
23,ndt2pzzy,281,0,260,260,payment_uar,RedirectUAR,2025-11-17 14:11:11.878102,1,,,49.0,23,,0.0,28,f,Sciences Humaines et Sociales,1,1,287abcfy,session 3 : baseline,,,session 3 17/11 15h : baseline  579 pose une question stratégique alors qu'il est Joueur A je pense qu'il avait compris comment maximiser son gain.  103 et 217 un peu lent    session très rapide et expérimentés très réactifs,0
24,kioz7npd,523,0,260,260,payment_uar,RedirectUAR,2025-11-17 14:11:11.882088,1,,,54.0,24,,0.0,19,f,Psychologie,1,1,287abcfy,session 3 : baseline,,,session 3 17/11 15h : baseline  579 pose une question stratégique alors qu'il est Joueur A je pense qu'il avait compris comment maximiser son gain.  103 et 217 un peu lent    session très rapide et expérimentés très réactifs,0
25,kay6krf7,157,0,260,260,payment_uar,RedirectUAR,2025-11-17 14:11:11.886123,1,,,155.0,25,,0.0,21,m,Ingénieur Génie Industriel ,1,1,287abcfy,session 3 : baseline,,,session 3 17/11 15h : baseline  579 pose une question stratégique alors qu'il est Joueur A je pense qu'il avait compris comment maximiser son gain.  103 et 217 un peu lent    session très rapide et expérimentés très réactifs,0
26,qoui0fe1,579,0,260,260,payment_uar,RedirectUAR,2025-11-17 14:11:11.889929,1,,,140.0,26,,0.0,21,m,INP Génie Industriel,1,1,287abcfy,session 3 : baseline,,,session 3 17/11 15h : baseline  579 pose une question stratégique alors qu'il est Joueur A je pense qu'il avait compris comment maximiser son gain.  103 et 217 un peu lent    session très rapide et expérimentés très réactifs,0
27,qxlu49ij,864,0,260,260,payment_uar,RedirectUAR,2025-11-17 14:11:11.893660,1,,,145.0,27,,0.0,21,m,Ingénieur génie industriel,1,1,287abcfy,session 3 : baseline,,,session 3 17/11 15h : baseline  579 pose une question stratégique alors qu'il est Joueur A je pense qu'il avait compris comment maximiser son gain.  103 et 217 un peu lent    session très rapide et expérimentés très réactifs,0
28,3wv78x2l,913,0,260,260,payment_uar,RedirectUAR,2025-11-17 14:11:11.897945,1,,,125.0,28,,0.0,21,m,lettres,1,1,287abcfy,session 3 : baseline,,,session 3 17/11 15h : baseline  579 pose une question stratégique alors qu'il est Joueur A je pense qu'il avait compris comment maximiser son gain.  103 et 217 un peu lent    session très rapide et expérimentés très réactifs,0
29,lceqo2yr,893,0,260,260,payment_uar,RedirectUAR,2025-11-17 14:11:11.902448,1,,,46.0,29,,0.0,21,f,Ingé génie industriel,1,1,287abcfy,session 3 : baseline,,,session 3 17/11 15h : baseline  579 pose une question stratégique alors qu'il est Joueur A je pense qu'il avait compris comment maximiser son gain.  103 et 217 un peu lent    session très rapide et expérimentés très réactifs,0
30,pl728fhn,904,0,260,260,payment_uar,RedirectUAR,2025-11-17 14:11:11.906340,1,,,42.0,30,,0.0,25,m,mathématique et informatique,1,1,287abcfy,session 3 : baseline,,,session 3 17/11 15h : baseline  579 pose une question stratégique alors qu'il est Joueur A je pense qu'il avait compris comment maximiser son gain.  103 et 217 un peu lent    session très rapide et expérimentés très réactifs,0
31,vi2omije,961,0,260,260,payment_uar,RedirectUAR,2025-11-17 14:11:11.922565,1,,,52.0,31,,0.0,23,f,Psychologie,1,1,287abcfy,session 3 : baseline,,,session 3 17/11 15h : baseline  579 pose une question stratégique alors qu'il est Joueur A je pense qu'il avait compris comment maximiser son gain.  103 et 217 un peu lent    session très rapide et expérimentés très réactifs,0
32,j6mf27c2,777,0,260,260,payment_uar,RedirectUAR,2025-11-17 14:11:12.152548,1,,,49.0,32,,0.0,22,m,ingénierie,1,1,287abcfy,session 3 : baseline,,,session 3 17/11 15h : baseline  579 pose une question stratégique alors qu'il est Joueur A je pense qu'il avait compris comment maximiser son gain.  103 et 217 un peu lent    session très rapide et expérimentés très réactifs,0
1,frbzk2gi,,0,0,260,,,,0,,,0.0,1,,0.0,,,,1,1,cw8v81bf,,,,,1
2,is40q2et,,0,0,260,,,,0,,,0.0,2,,0.0,,,,1,1,cw8v81bf,,,,,1
3,mxmwv92o,,0,0,260,,,,0,,,0.0,3,,0.0,,,,1,1,cw8v81bf,,,,,1
4,97mpnld6,,0,0,260,,,,0,,,0.0,4,,0.0,,,,1,1,cw8v81bf,,,,,1
5,9v0o84vi,,0,0,260,,,,0,,,0.0,5,,0.0,,,,1,1,cw8v81bf,,,,,1
6,jwn8y8pm,,0,0,260,,,,0,,,0.0,6,,0.0,,,,1,1,cw8v81bf,,,,,1
7,wxlf2hn4,,0,0,260,,,,0,,,0.0,7,,0.0,,,,1,1,cw8v81bf,,,,,1
8,alq1acr9,,0,0,260,,,,0,,,0.0,8,,0.0,,,,1,1,cw8v81bf,,,,,1
9,u5nlgfq7,,0,0,260,,,,0,,,0.0,9,,0.0,,,,1,1,cw8v81bf,,,,,1
10,scwwqw5s,,0,0,260,,,,0,,,0.0,10,,0.0,,,,1,1,cw8v81bf,,,,,1
11,kyorfab4,,0,0,260,,,,0,,,0.0,11,,0.0,,,,1,1,cw8v81bf,,,,,1
12,xq8ay3zf,,0,0,260,,,,0,,,0.0,12,,0.0,,,,1,1,cw8v81bf,,,,,1
13,g1vcp4ef,,0,0,260,,,,0,,,0.0,13,,0.0,,,,1,1,cw8v81bf,,,,,1
14,lfasda4l,,0,0,260,,,,0,,,0.0,14,,0.0,,,,1,1,cw8v81bf,,,,,1
15,9lxhz9yf,,0,0,260,,,,0,,,0.0,15,,0.0,,,,1,1,cw8v81bf,,,,,1
16,tjgfjp4o,,0,0,260,,,,0,,,0.0,16,,0.0,,,,1,1,cw8v81bf,,,,,1
1,rp0e9te0,281,0,260,260,payment_uar,RedirectUAR,2025-11-18 09:13:54.667278,1,,,120.0,1,,0.0,20,m,Economie-Gestion,1,1,ibqfak10,session 4 baseline,,,Session 4 18 11 10h baseline  rapide 40 min  680 un peu lent et question stratégique,0
2,msgi73yh,145,0,260,260,payment_uar,RedirectUAR,2025-11-18 09:13:54.675218,1,,,77.0,2,,0.0,25,f,Biochimie,1,1,ibqfak10,session 4 baseline,,,Session 4 18 11 10h baseline  rapide 40 min  680 un peu lent et question stratégique,0
3,jdxnd1bd,341,0,260,260,payment_uar,RedirectUAR,2025-11-18 09:13:54.679730,1,,,161.0,3,,0.0,24,m,STAPS,1,1,ibqfak10,session 4 baseline,,,Session 4 18 11 10h baseline  rapide 40 min  680 un peu lent et question stratégique,0
4,gj53q2d6,110,0,260,260,payment_uar,RedirectUAR,2025-11-18 09:13:54.684043,1,,,98.0,4,,0.0,25,f,cinéma,1,1,ibqfak10,session 4 baseline,,,Session 4 18 11 10h baseline  rapide 40 min  680 un peu lent et question stratégique,0
5,bjtrxl82,451,0,260,260,payment_uar,RedirectUAR,2025-11-18 09:13:54.696318,1,,,40.0,5,,0.0,22,f,ingenieurie,1,1,ibqfak10,session 4 baseline,,,Session 4 18 11 10h baseline  rapide 40 min  680 un peu lent et question stratégique,0
6,x78yxntc,816,0,260,260,payment_uar,RedirectUAR,2025-11-18 09:13:54.701086,1,,,53.0,6,,0.0,22,m,Ecole d'ingénieur génie industriel,1,1,ibqfak10,session 4 baseline,,,Session 4 18 11 10h baseline  rapide 40 min  680 un peu lent et question stratégique,0
7,ykj6x34l,672,0,260,260,payment_uar,RedirectUAR,2025-11-18 09:13:54.704978,1,,,61.0,7,,0.0,30,m,STAPS,1,1,ibqfak10,session 4 baseline,,,Session 4 18 11 10h baseline  rapide 40 min  680 un peu lent et question stratégique,0
8,5ifumz8u,103,0,260,260,payment_uar,RedirectUAR,2025-11-18 09:13:54.711186,1,,,60.0,8,,0.0,22,m,Droit ,1,1,ibqfak10,session 4 baseline,,,Session 4 18 11 10h baseline  rapide 40 min  680 un peu lent et question stratégique,0
9,beqdo5be,157,0,260,260,payment_uar,RedirectUAR,2025-11-18 09:13:54.716144,1,,,150.0,9,,0.0,20,f,Droit,1,1,ibqfak10,session 4 baseline,,,Session 4 18 11 10h baseline  rapide 40 min  680 un peu lent et question stratégique,0
10,u8c3vkoi,217,0,260,260,payment_uar,RedirectUAR,2025-11-18 09:13:54.720269,1,,,143.0,10,,0.0,23,m,Arts du spectacle ,1,1,ibqfak10,session 4 baseline,,,Session 4 18 11 10h baseline  rapide 40 min  680 un peu lent et question stratégique,0
11,63r7af1o,300,0,260,260,payment_uar,RedirectUAR,2025-11-18 09:13:54.724353,1,,,136.0,11,,0.0,23,f,Ingénieur en génie industriel,1,1,ibqfak10,session 4 baseline,,,Session 4 18 11 10h baseline  rapide 40 min  680 un peu lent et question stratégique,0
12,ilba4dne,680,0,260,260,payment_uar,RedirectUAR,2025-11-18 09:13:54.729072,1,,,116.0,12,,0.0,26,f,Sociologie,1,1,ibqfak10,session 4 baseline,,,Session 4 18 11 10h baseline  rapide 40 min  680 un peu lent et question stratégique,0
13,pc7r1o19,397,0,260,260,payment_uar,RedirectUAR,2025-11-18 09:13:54.734589,1,,,50.0,13,,0.0,19,f,eco gestion,1,1,ibqfak10,session 4 baseline,,,Session 4 18 11 10h baseline  rapide 40 min  680 un peu lent et question stratégique,0
14,ws5cnm0f,825,0,260,260,payment_uar,RedirectUAR,2025-11-18 09:13:54.739687,1,,,39.0,14,,0.0,19,m,licence d'économie gestion,1,1,ibqfak10,session 4 baseline,,,Session 4 18 11 10h baseline  rapide 40 min  680 un peu lent et question stratégique,0
15,uevcd2dk,748,0,260,260,payment_uar,RedirectUAR,2025-11-18 09:13:54.743961,1,,,51.0,15,,0.0,19,f,pharmacie,1,1,ibqfak10,session 4 baseline,,,Session 4 18 11 10h baseline  rapide 40 min  680 un peu lent et question stratégique,0
16,joztennw,634,0,260,260,payment_uar,RedirectUAR,2025-11-18 09:13:54.748635,1,,,54.0,16,,0.0,20,m,economie,1,1,ibqfak10,session 4 baseline,,,Session 4 18 11 10h baseline  rapide 40 min  680 un peu lent et question stratégique,0
17,ww967q3a,752,0,260,260,payment_uar,RedirectUAR,2025-11-18 09:13:54.752974,1,,,111.0,17,,0.0,21,f,Psychologie,1,1,ibqfak10,session 4 baseline,,,Session 4 18 11 10h baseline  rapide 40 min  680 un peu lent et question stratégique,0
18,r3883liz,609,0,260,260,payment_uar,RedirectUAR,2025-11-18 09:13:54.758065,1,,,104.0,18,,0.0,24,f,Psychologie,1,1,ibqfak10,session 4 baseline,,,Session 4 18 11 10h baseline  rapide 40 min  680 un peu lent et question stratégique,0
19,zksgltn0,523,0,260,260,payment_uar,RedirectUAR,2025-11-18 09:13:54.762405,1,,,118.0,19,,0.0,24,f,Biochimie,1,1,ibqfak10,session 4 baseline,,,Session 4 18 11 10h baseline  rapide 40 min  680 un peu lent et question stratégique,0
20,45depeea,238,0,260,260,payment_uar,RedirectUAR,2025-11-18 09:13:54.766854,1,,,147.0,20,,0.0,23,m,Ingénieur ,1,1,ibqfak10,session 4 baseline,,,Session 4 18 11 10h baseline  rapide 40 min  680 un peu lent et question stratégique,0
21,iyvfyays,402,0,260,260,payment_uar,RedirectUAR,2025-11-18 09:13:54.771259,1,,,63.0,21,,0.0,25,f,Traitement du Signal et de l'Image,1,1,ibqfak10,session 4 baseline,,,Session 4 18 11 10h baseline  rapide 40 min  680 un peu lent et question stratégique,0
22,mkcjpwlu,777,0,260,260,payment_uar,RedirectUAR,2025-11-18 09:13:54.775776,1,,,44.0,22,,0.0,24,f,droit,1,1,ibqfak10,session 4 baseline,,,Session 4 18 11 10h baseline  rapide 40 min  680 un peu lent et question stratégique,0
23,6iq2c93q,913,0,260,260,payment_uar,RedirectUAR,2025-11-18 09:13:54.830876,1,,,59.0,23,,0.0,24,f,Economie,1,1,ibqfak10,session 4 baseline,,,Session 4 18 11 10h baseline  rapide 40 min  680 un peu lent et question stratégique,0
24,xeaatdon,536,0,260,260,payment_uar,RedirectUAR,2025-11-18 09:13:55.315359,1,,,51.0,24,,0.0,23,f,ingénieur marché de l'énergie,1,1,ibqfak10,session 4 baseline,,,Session 4 18 11 10h baseline  rapide 40 min  680 un peu lent et question stratégique,0
1,z6f3vsn2,825,0,260,260,payment_uar,RedirectUAR,2025-11-18 12:07:15.672636,1,,,149.0,1,,0.0,21,m,Commerce ,1,1,7m2x1ly6,session 5 baseline,,,sessions 5 18 11 13h baseline  Aucune question  aucun problème,0
2,z06tt8cs,319,0,260,260,payment_uar,RedirectUAR,2025-11-18 12:07:15.682905,1,,,176.0,2,,0.0,24,m,comptabilité et controle de gestion,1,1,7m2x1ly6,session 5 baseline,,,sessions 5 18 11 13h baseline  Aucune question  aucun problème,0
3,6ueytbdo,680,0,260,260,payment_uar,RedirectUAR,2025-11-18 12:07:15.688185,1,,,151.0,3,,0.0,22,f,Histoire de l'art et archéologie,1,1,7m2x1ly6,session 5 baseline,,,sessions 5 18 11 13h baseline  Aucune question  aucun problème,0
4,ojtywlmr,473,0,260,260,payment_uar,RedirectUAR,2025-11-18 12:07:15.692541,1,,,140.0,4,,0.0,20,m,economie,1,1,7m2x1ly6,session 5 baseline,,,sessions 5 18 11 13h baseline  Aucune question  aucun problème,0
5,vbw9luoo,110,0,260,260,payment_uar,RedirectUAR,2025-11-18 12:07:15.696957,1,,,36.0,5,,0.0,19,f,psychologie,1,1,7m2x1ly6,session 5 baseline,,,sessions 5 18 11 13h baseline  Aucune question  aucun problème,0
6,qg70swug,281,0,260,260,payment_uar,RedirectUAR,2025-11-18 12:07:15.701314,1,,,32.0,6,,0.0,21,m,STAPS,1,1,7m2x1ly6,session 5 baseline,,,sessions 5 18 11 13h baseline  Aucune question  aucun problème,0
7,zzvnb74v,131,0,260,260,payment_uar,RedirectUAR,2025-11-18 12:07:15.705671,1,,,30.0,7,,0.0,22,f,scpo,1,1,7m2x1ly6,session 5 baseline,,,sessions 5 18 11 13h baseline  Aucune question  aucun problème,0
8,si4ac3a9,300,0,260,260,payment_uar,RedirectUAR,2025-11-18 12:07:15.710069,1,,,33.0,8,,0.0,19,f,droit,1,1,7m2x1ly6,session 5 baseline,,,sessions 5 18 11 13h baseline  Aucune question  aucun problème,0
9,h4l5c20v,157,0,260,260,payment_uar,RedirectUAR,2025-11-18 12:07:15.714445,1,,,110.0,9,,0.0,23,m,master de droit des libertés,1,1,7m2x1ly6,session 5 baseline,,,sessions 5 18 11 13h baseline  Aucune question  aucun problème,0
10,dh6c9fcb,402,0,260,260,payment_uar,RedirectUAR,2025-11-18 12:07:15.718602,1,,,130.0,10,,0.0,22,m,ingénieur,1,1,7m2x1ly6,session 5 baseline,,,sessions 5 18 11 13h baseline  Aucune question  aucun problème,0
11,p0obmwjy,615,0,260,260,payment_uar,RedirectUAR,2025-11-18 12:07:15.723410,1,,,136.0,11,,0.0,21,m,Management,1,1,7m2x1ly6,session 5 baseline,,,sessions 5 18 11 13h baseline  Aucune question  aucun problème,0
12,knhotve8,217,0,260,260,payment_uar,RedirectUAR,2025-11-18 12:07:15.727546,1,,,123.0,12,,0.0,21,m,STAPS,1,1,7m2x1ly6,session 5 baseline,,,sessions 5 18 11 13h baseline  Aucune question  aucun problème,0
13,rxpfa6b1,397,0,260,260,payment_uar,RedirectUAR,2025-11-18 12:07:15.732028,1,,,36.0,13,,0.0,22,m,genie industriel,1,1,7m2x1ly6,session 5 baseline,,,sessions 5 18 11 13h baseline  Aucune question  aucun problème,0
14,giwhtkvt,748,0,260,260,payment_uar,RedirectUAR,2025-11-18 12:07:15.736222,1,,,39.0,14,,0.0,23,f,STAPS,1,1,7m2x1ly6,session 5 baseline,,,sessions 5 18 11 13h baseline  Aucune question  aucun problème,0
15,pfkptl38,634,0,260,260,payment_uar,RedirectUAR,2025-11-18 12:07:15.740288,1,,,45.0,15,,0.0,20,f,Sciences Humaines et Sociales,1,1,7m2x1ly6,session 5 baseline,,,sessions 5 18 11 13h baseline  Aucune question  aucun problème,0
16,wynrf5qm,238,0,260,260,payment_uar,RedirectUAR,2025-11-18 12:07:15.744417,1,,,29.0,16,,0.0,23,f,ingénieur,1,1,7m2x1ly6,session 5 baseline,,,sessions 5 18 11 13h baseline  Aucune question  aucun problème,0
17,d8wwihc8,609,0,260,260,payment_uar,RedirectUAR,2025-11-18 12:07:15.748674,1,,,127.0,17,,0.0,30,f,BIOLOGIE,1,1,7m2x1ly6,session 5 baseline,,,sessions 5 18 11 13h baseline  Aucune question  aucun problème,0
18,r6shmrs0,536,0,260,260,payment_uar,RedirectUAR,2025-11-18 12:07:15.753808,1,,,147.0,18,,0.0,20,m,Droit,1,1,7m2x1ly6,session 5 baseline,,,sessions 5 18 11 13h baseline  Aucune question  aucun problème,0
19,gcccnqjt,382,0,260,260,payment_uar,RedirectUAR,2025-11-18 12:07:15.757918,1,,,117.0,19,,0.0,30,f,sciences politiques,1,1,7m2x1ly6,session 5 baseline,,,sessions 5 18 11 13h baseline  Aucune question  aucun problème,0
20,7xuyvhte,341,0,260,260,payment_uar,RedirectUAR,2025-11-18 12:07:15.762305,1,,,116.0,20,,0.0,21,f,droit,1,1,7m2x1ly6,session 5 baseline,,,sessions 5 18 11 13h baseline  Aucune question  aucun problème,0
21,jky16tsj,672,0,260,260,payment_uar,RedirectUAR,2025-11-18 12:07:15.766819,1,,,45.0,21,,0.0,20,m,Sciences de l'éducation,1,1,7m2x1ly6,session 5 baseline,,,sessions 5 18 11 13h baseline  Aucune question  aucun problème,0
22,hhkafull,816,0,260,260,payment_uar,RedirectUAR,2025-11-18 12:07:15.770959,1,,,45.0,22,,0.0,27,f,IDE,1,1,7m2x1ly6,session 5 baseline,,,sessions 5 18 11 13h baseline  Aucune question  aucun problème,0
23,eqk13cks,523,0,260,260,payment_uar,RedirectUAR,2025-11-18 12:07:15.776029,1,,,37.0,23,,0.0,26,f,Economie et Gestion,1,1,7m2x1ly6,session 5 baseline,,,sessions 5 18 11 13h baseline  Aucune question  aucun problème,0
24,howxj4fv,259,0,260,260,payment_uar,RedirectUAR,2025-11-18 12:07:15.780978,1,,,36.0,24,,0.0,20,m,STaps,1,1,7m2x1ly6,session 5 baseline,,,sessions 5 18 11 13h baseline  Aucune question  aucun problème,0
1,mhlgu486,752,0,212,212,payment_uar,RedirectUAR,2025-11-18 15:11:35.560288,1,,,99.0,1,,0.0,20,m,LEA (langues),1,1,pi1ccb3d,session 6 exogenous,,,session 6 18 11 16h exogenous  748 et 145 lent  217 c'est endormi,0
2,ikcsv7fy,281,0,212,212,payment_uar,RedirectUAR,2025-11-18 15:11:35.575174,1,,,121.0,2,,0.0,22,f,Ingénieurie,1,1,pi1ccb3d,session 6 exogenous,,,session 6 18 11 16h exogenous  748 et 145 lent  217 c'est endormi,0
3,c5jsruca,473,0,212,212,payment_uar,RedirectUAR,2025-11-18 15:11:35.578983,1,,,120.0,3,,0.0,21,m,Ingénierie Génie Industriel,1,1,pi1ccb3d,session 6 exogenous,,,session 6 18 11 16h exogenous  748 et 145 lent  217 c'est endormi,0
4,mzdoq543,341,0,212,212,payment_uar,RedirectUAR,2025-11-18 15:11:35.582996,1,,,120.0,4,,0.0,22,f,psychologie,1,1,pi1ccb3d,session 6 exogenous,,,session 6 18 11 16h exogenous  748 et 145 lent  217 c'est endormi,0
5,m486cx5r,217,0,212,212,payment_uar,RedirectUAR,2025-11-18 15:11:35.586635,1,,,78.0,5,,0.0,26,m,langues,1,1,pi1ccb3d,session 6 exogenous,,,session 6 18 11 16h exogenous  748 et 145 lent  217 c'est endormi,0
6,q4ted8b2,672,0,212,212,payment_uar,RedirectUAR,2025-11-18 15:11:35.590786,1,,,63.0,6,,0.0,21,m,Ingénieur,1,1,pi1ccb3d,session 6 exogenous,,,session 6 18 11 16h exogenous  748 et 145 lent  217 c'est endormi,0
7,vrkc8sa4,300,0,212,212,payment_uar,RedirectUAR,2025-11-18 15:11:35.594555,1,,,73.0,7,,0.0,21,f,Génie industriel ,1,1,pi1ccb3d,session 6 exogenous,,,session 6 18 11 16h exogenous  748 et 145 lent  217 c'est endormi,0
8,9gn4gkzf,615,0,212,212,payment_uar,RedirectUAR,2025-11-18 15:11:35.597969,1,,,70.0,8,,0.0,28,m,Economie,1,1,pi1ccb3d,session 6 exogenous,,,session 6 18 11 16h exogenous  748 et 145 lent  217 c'est endormi,0
9,wt1nnos2,131,0,212,212,payment_uar,RedirectUAR,2025-11-18 15:11:35.601258,1,,,125.0,9,,0.0,20,f,Ingénieurie,1,1,pi1ccb3d,session 6 exogenous,,,session 6 18 11 16h exogenous  748 et 145 lent  217 c'est endormi,0
10,4nzeqbx9,382,0,212,212,payment_uar,RedirectUAR,2025-11-18 15:11:35.604891,1,,,94.0,10,,0.0,26,na,sociologie,1,1,pi1ccb3d,session 6 exogenous,,,session 6 18 11 16h exogenous  748 et 145 lent  217 c'est endormi,0
11,hwmvc2n8,816,0,212,212,payment_uar,RedirectUAR,2025-11-18 15:11:35.608695,1,,,123.0,11,,0.0,22,m,Ecole d'ingénieur en physique,1,1,pi1ccb3d,session 6 exogenous,,,session 6 18 11 16h exogenous  748 et 145 lent  217 c'est endormi,0
12,07hz4gcn,157,0,212,212,payment_uar,RedirectUAR,2025-11-18 15:11:35.612221,1,,,134.0,12,,0.0,20,m,Economie-gestion,1,1,pi1ccb3d,session 6 exogenous,,,session 6 18 11 16h exogenous  748 et 145 lent  217 c'est endormi,0
13,f6d1siyb,110,0,212,212,payment_uar,RedirectUAR,2025-11-18 15:11:35.615679,1,,,69.0,13,,0.0,20,f,SANTE,1,1,pi1ccb3d,session 6 exogenous,,,session 6 18 11 16h exogenous  748 et 145 lent  217 c'est endormi,0
14,k4iyn5ze,579,0,212,212,payment_uar,RedirectUAR,2025-11-18 15:11:35.619254,1,,,56.0,14,,0.0,22,f,biologie,1,1,pi1ccb3d,session 6 exogenous,,,session 6 18 11 16h exogenous  748 et 145 lent  217 c'est endormi,0
15,i88dcvqt,238,0,212,212,payment_uar,RedirectUAR,2025-11-18 15:11:35.622741,1,,,65.0,15,,0.0,22,f,Economie,1,1,pi1ccb3d,session 6 exogenous,,,session 6 18 11 16h exogenous  748 et 145 lent  217 c'est endormi,0
16,84tliamp,402,0,212,212,payment_uar,RedirectUAR,2025-11-18 15:11:35.626430,1,,,63.0,16,,0.0,21,f,Chimie,1,1,pi1ccb3d,session 6 exogenous,,,session 6 18 11 16h exogenous  748 et 145 lent  217 c'est endormi,0
17,9t1841dh,748,0,212,212,payment_uar,RedirectUAR,2025-11-18 15:11:35.630120,1,,,128.0,17,,0.0,23,m,Ingénierie Biomédicale,1,1,pi1ccb3d,session 6 exogenous,,,session 6 18 11 16h exogenous  748 et 145 lent  217 c'est endormi,0
18,hp8pxpds,680,0,212,212,payment_uar,RedirectUAR,2025-11-18 15:11:35.634104,1,,,110.0,18,,0.0,20,f,Langues étrangères appliquées,1,1,pi1ccb3d,session 6 exogenous,,,session 6 18 11 16h exogenous  748 et 145 lent  217 c'est endormi,0
19,s15eidyr,319,0,212,212,payment_uar,RedirectUAR,2025-11-18 15:11:35.637587,1,,,86.0,19,,0.0,29,m,Génie Civil,1,1,pi1ccb3d,session 6 exogenous,,,session 6 18 11 16h exogenous  748 et 145 lent  217 c'est endormi,0
20,z7j6kd44,536,0,212,212,payment_uar,RedirectUAR,2025-11-18 15:11:35.641770,1,,,129.0,20,,0.0,20,f,metiers du multimedia et de l'internet,1,1,pi1ccb3d,session 6 exogenous,,,session 6 18 11 16h exogenous  748 et 145 lent  217 c'est endormi,0
21,790ed1wo,145,0,212,212,payment_uar,RedirectUAR,2025-11-18 15:11:35.645881,1,,,62.0,21,,0.0,20,f,commerce international,1,1,pi1ccb3d,session 6 exogenous,,,session 6 18 11 16h exogenous  748 et 145 lent  217 c'est endormi,0
22,e3bdq7iy,523,0,212,212,payment_uar,RedirectUAR,2025-11-18 15:11:35.649909,1,,,84.0,22,,0.0,21,f,droit,1,1,pi1ccb3d,session 6 exogenous,,,session 6 18 11 16h exogenous  748 et 145 lent  217 c'est endormi,0
23,56lbyajq,777,0,212,212,payment_uar,RedirectUAR,2025-11-18 15:11:35.653910,1,,,61.0,23,,0.0,20,f,Génie industriel,1,1,pi1ccb3d,session 6 exogenous,,,session 6 18 11 16h exogenous  748 et 145 lent  217 c'est endormi,0
24,3ayhp42r,893,0,212,212,payment_uar,RedirectUAR,2025-11-18 15:11:35.658480,1,,,57.0,24,,0.0,20,f,licence d'économie et gestion ,1,1,pi1ccb3d,session 6 exogenous,,,session 6 18 11 16h exogenous  748 et 145 lent  217 c'est endormi,0
25,mrqzxse6,397,0,212,212,payment_uar,RedirectUAR,2025-11-18 15:11:35.662301,1,,,125.0,25,,0.0,27,na,Cuisine,1,1,pi1ccb3d,session 6 exogenous,,,session 6 18 11 16h exogenous  748 et 145 lent  217 c'est endormi,0
26,9tdipc1g,259,0,212,212,payment_uar,RedirectUAR,2025-11-18 15:11:35.665821,1,,,92.0,26,,0.0,27,m,Informatique,1,1,pi1ccb3d,session 6 exogenous,,,session 6 18 11 16h exogenous  748 et 145 lent  217 c'est endormi,0
27,exc93hbc,913,0,212,212,payment_uar,RedirectUAR,2025-11-18 15:11:35.669704,1,,,110.0,27,,0.0,25,f,Génie biologique,1,1,pi1ccb3d,session 6 exogenous,,,session 6 18 11 16h exogenous  748 et 145 lent  217 c'est endormi,0
28,a8rtp6me,864,0,212,212,payment_uar,RedirectUAR,2025-11-18 15:11:35.674671,1,,,116.0,28,,0.0,20,m,economie gestion,1,1,pi1ccb3d,session 6 exogenous,,,session 6 18 11 16h exogenous  748 et 145 lent  217 c'est endormi,0
29,ed7rp735,904,0,212,212,payment_uar,RedirectUAR,2025-11-18 15:11:35.678347,1,,,59.0,29,,0.0,21,f,informatique,1,1,pi1ccb3d,session 6 exogenous,,,session 6 18 11 16h exogenous  748 et 145 lent  217 c'est endormi,0
30,44u88o66,103,0,212,212,payment_uar,RedirectUAR,2025-11-18 15:11:35.683539,1,,,45.0,30,,0.0,21,m,idustriel,1,1,pi1ccb3d,session 6 exogenous,,,session 6 18 11 16h exogenous  748 et 145 lent  217 c'est endormi,0
31,nn2yx9h4,961,0,212,212,payment_uar,RedirectUAR,2025-11-18 15:11:35.686950,1,,,49.0,31,,0.0,24,m,Maths info,1,1,pi1ccb3d,session 6 exogenous,,,session 6 18 11 16h exogenous  748 et 145 lent  217 c'est endormi,0
32,c9vbu44s,825,0,212,212,payment_uar,RedirectUAR,2025-11-18 15:11:35.701242,1,,,71.0,32,,0.0,28,m,Journalisme,1,1,pi1ccb3d,session 6 exogenous,,,session 6 18 11 16h exogenous  748 et 145 lent  217 c'est endormi,0
1,q53oktg9,110,0,260,260,payment_uar,RedirectUAR,2025-11-19 09:13:53.463654,1,,,154.0,1,,0.0,21,f,Droit,1,1,mtqr5g6v,session 7 baseline,,,session 7 19 11 10h baseline  402 n'a pas réussi le questionnaire  157 lent,0
2,z5na4z6b,341,0,260,260,payment_uar,RedirectUAR,2025-11-19 09:13:53.472093,1,,,181.0,2,,0.0,19,f,Droit,1,1,mtqr5g6v,session 7 baseline,,,session 7 19 11 10h baseline  402 n'a pas réussi le questionnaire  157 lent,0
3,m76zkptc,157,0,260,260,payment_uar,RedirectUAR,2025-11-19 09:13:53.476549,1,,,98.0,3,,0.0,19,m,Cybersécurité ,1,1,mtqr5g6v,session 7 baseline,,,session 7 19 11 10h baseline  402 n'a pas réussi le questionnaire  157 lent,0
4,hqjqoj0g,402,0,260,260,payment_uar,RedirectUAR,2025-11-19 09:13:53.482010,1,,,121.0,4,,0.0,21,f,"J'étais en LEA Anglais-Japonais, maitenant je travaille en temps plein dans un salon de thé",1,1,mtqr5g6v,session 7 baseline,,,session 7 19 11 10h baseline  402 n'a pas réussi le questionnaire  157 lent,0
5,oirtvfkw,609,0,260,260,payment_uar,RedirectUAR,2025-11-19 09:13:53.487426,1,,,50.0,5,,0.0,22,f,Droit,1,1,mtqr5g6v,session 7 baseline,,,session 7 19 11 10h baseline  402 n'a pas réussi le questionnaire  157 lent,0
6,m9rgbg08,451,0,260,260,payment_uar,RedirectUAR,2025-11-19 09:13:53.491711,1,,,51.0,6,,0.0,21,m,MEEF,1,1,mtqr5g6v,session 7 baseline,,,session 7 19 11 10h baseline  402 n'a pas réussi le questionnaire  157 lent,0
7,or6br3r5,131,0,260,260,payment_uar,RedirectUAR,2025-11-19 09:13:53.496380,1,,,41.0,7,,0.0,23,f,Langues étrangères,1,1,mtqr5g6v,session 7 baseline,,,session 7 19 11 10h baseline  402 n'a pas réussi le questionnaire  157 lent,0
8,tqxqc4kw,634,0,260,260,payment_uar,RedirectUAR,2025-11-19 09:13:53.510122,1,,,50.0,8,,0.0,18,m,Informatique,1,1,mtqr5g6v,session 7 baseline,,,session 7 19 11 10h baseline  402 n'a pas réussi le questionnaire  157 lent,0
9,4lnay4ay,752,0,260,260,payment_uar,RedirectUAR,2025-11-19 09:13:53.522325,1,,,139.0,9,,0.0,22,f,communication,1,1,mtqr5g6v,session 7 baseline,,,session 7 19 11 10h baseline  402 n'a pas réussi le questionnaire  157 lent,0
10,4lg84f4y,777,0,260,260,payment_uar,RedirectUAR,2025-11-19 09:13:53.527779,1,,,115.0,10,,0.0,22,f,gestion de patrimoine,1,1,mtqr5g6v,session 7 baseline,,,session 7 19 11 10h baseline  402 n'a pas réussi le questionnaire  157 lent,0
11,qkuecyex,579,0,260,260,payment_uar,RedirectUAR,2025-11-19 09:13:53.532860,1,,,128.0,11,,0.0,23,f,Biologie végétale,1,1,mtqr5g6v,session 7 baseline,,,session 7 19 11 10h baseline  402 n'a pas réussi le questionnaire  157 lent,0
12,bz93o0t3,680,0,260,260,payment_uar,RedirectUAR,2025-11-19 09:13:53.537027,1,,,112.0,12,,0.0,21,f,ingénieure,1,1,mtqr5g6v,session 7 baseline,,,session 7 19 11 10h baseline  402 n'a pas réussi le questionnaire  157 lent,0
13,pab7lfea,259,0,260,260,payment_uar,RedirectUAR,2025-11-19 09:13:53.541799,1,,,27.0,13,,0.0,27,m,Ingénierie,1,1,mtqr5g6v,session 7 baseline,,,session 7 19 11 10h baseline  402 n'a pas réussi le questionnaire  157 lent,0
14,dnubbdkf,672,0,260,260,payment_uar,RedirectUAR,2025-11-19 09:13:53.545887,1,,,35.0,14,,0.0,20,f,génie industriel ,1,1,mtqr5g6v,session 7 baseline,,,session 7 19 11 10h baseline  402 n'a pas réussi le questionnaire  157 lent,0
15,yevvpmzh,281,0,260,260,payment_uar,RedirectUAR,2025-11-19 09:13:53.559449,1,,,36.0,15,,0.0,20,f,Management & Commerce,1,1,mtqr5g6v,session 7 baseline,,,session 7 19 11 10h baseline  402 n'a pas réussi le questionnaire  157 lent,0
16,hfaicig7,238,0,260,260,payment_uar,RedirectUAR,2025-11-19 09:13:53.563960,1,,,35.0,16,,0.0,20,f,licence de droit,1,1,mtqr5g6v,session 7 baseline,,,session 7 19 11 10h baseline  402 n'a pas réussi le questionnaire  157 lent,0
17,7etqlqif,748,0,260,260,payment_uar,RedirectUAR,2025-11-19 09:13:53.579265,1,,,116.0,17,,0.0,29,m,Ingénierie de la santé,1,1,mtqr5g6v,session 7 baseline,,,session 7 19 11 10h baseline  402 n'a pas réussi le questionnaire  157 lent,0
18,1coem2le,300,0,260,260,payment_uar,RedirectUAR,2025-11-19 09:13:53.584332,1,,,88.0,18,,0.0,25,f,économie,1,1,mtqr5g6v,session 7 baseline,,,session 7 19 11 10h baseline  402 n'a pas réussi le questionnaire  157 lent,0
19,1nhc8wvy,103,0,260,260,payment_uar,RedirectUAR,2025-11-19 09:13:53.784469,1,,,120.0,19,,0.0,23,f,ingénierie,1,1,mtqr5g6v,session 7 baseline,,,session 7 19 11 10h baseline  402 n'a pas réussi le questionnaire  157 lent,0
20,xxpr1zow,217,0,260,260,payment_uar,RedirectUAR,2025-11-19 09:13:53.753558,1,,,124.0,20,,0.0,24,m,BAC PRO Accueil,1,1,mtqr5g6v,session 7 baseline,,,session 7 19 11 10h baseline  402 n'a pas réussi le questionnaire  157 lent,0
21,txml7jis,319,0,260,260,payment_uar,RedirectUAR,2025-11-19 09:13:53.869588,1,,,52.0,21,,0.0,25,f,Art,1,1,mtqr5g6v,session 7 baseline,,,session 7 19 11 10h baseline  402 n'a pas réussi le questionnaire  157 lent,0
22,krsj4zsb,397,0,260,260,payment_uar,RedirectUAR,2025-11-19 09:13:53.859992,1,,,43.0,22,,0.0,22,m,ingenieur,1,1,mtqr5g6v,session 7 baseline,,,session 7 19 11 10h baseline  402 n'a pas réussi le questionnaire  157 lent,0
23,a32j6dtn,382,0,260,260,payment_uar,RedirectUAR,2025-11-19 09:13:53.902243,1,,,44.0,23,,0.0,19,f,économie gestion,1,1,mtqr5g6v,session 7 baseline,,,session 7 19 11 10h baseline  402 n'a pas réussi le questionnaire  157 lent,0
24,1ldlzrt8,473,0,260,260,payment_uar,RedirectUAR,2025-11-19 09:13:53.913509,1,,,53.0,24,,0.0,25,m,Ingénieur (électronique),1,1,mtqr5g6v,session 7 baseline,,,session 7 19 11 10h baseline  402 n'a pas réussi le questionnaire  157 lent,0
1,m1ynefwb,157,0,212,212,payment_uar,RedirectUAR,2025-11-19 12:09:15.143556,1,,,124.0,1,,0.0,23,f,Pharmacie,1,1,7djssno1,session 8 exogenous,,,session 8 19 11 13h exogenous  672 et 752 lent,0
2,2bgai745,748,0,212,212,payment_uar,RedirectUAR,2025-11-19 12:09:15.151088,1,,,138.0,2,,0.0,25,f,DROIT,1,1,7djssno1,session 8 exogenous,,,session 8 19 11 13h exogenous  672 et 752 lent,0
3,ygspbfig,536,0,212,212,payment_uar,RedirectUAR,2025-11-19 12:09:15.154903,1,,,115.0,3,,0.0,22,f,Informatique,1,1,7djssno1,session 8 exogenous,,,session 8 19 11 13h exogenous  672 et 752 lent,0
4,iwj0hjbx,609,0,212,212,payment_uar,RedirectUAR,2025-11-19 12:09:15.158632,1,,,125.0,4,,0.0,18,m,économie,1,1,7djssno1,session 8 exogenous,,,session 8 19 11 13h exogenous  672 et 752 lent,0
5,fi04mpyc,904,0,212,212,payment_uar,RedirectUAR,2025-11-19 12:09:15.162407,1,,,59.0,5,,0.0,21,m,ingénierie,1,1,7djssno1,session 8 exogenous,,,session 8 19 11 13h exogenous  672 et 752 lent,0
6,tr6jd4ek,473,0,212,212,payment_uar,RedirectUAR,2025-11-19 12:09:15.165772,1,,,81.0,6,,0.0,21,m,ingenieur en génie industriel,1,1,7djssno1,session 8 exogenous,,,session 8 19 11 13h exogenous  672 et 752 lent,0
7,bn7ley2q,816,0,212,212,payment_uar,RedirectUAR,2025-11-19 12:09:15.169191,1,,,86.0,7,,0.0,20,f,Droit,1,1,7djssno1,session 8 exogenous,,,session 8 19 11 13h exogenous  672 et 752 lent,0
8,ksm35oal,110,0,212,212,payment_uar,RedirectUAR,2025-11-19 12:09:15.172720,1,,,65.0,8,,0.0,24,m,informatique ,1,1,7djssno1,session 8 exogenous,,,session 8 19 11 13h exogenous  672 et 752 lent,0
9,pdxzm378,579,0,212,212,payment_uar,RedirectUAR,2025-11-19 12:09:15.176441,1,,,138.0,9,,0.0,22,f,L3  MATHEMATIQUES ET INFORMATIQUES APPLIQUEES AUX SCIENCES HUMAINES ET SOCIALES-OPTION ECONOMIE,1,1,7djssno1,session 8 exogenous,,,session 8 19 11 13h exogenous  672 et 752 lent,0
10,ldrk8gbf,680,0,212,212,payment_uar,RedirectUAR,2025-11-19 12:09:15.179956,1,,,142.0,10,,0.0,31,f,ingénieur en informatique et santé,1,1,7djssno1,session 8 exogenous,,,session 8 19 11 13h exogenous  672 et 752 lent,0
11,37knu5az,672,0,212,212,payment_uar,RedirectUAR,2025-11-19 12:09:15.183451,1,,,125.0,11,,0.0,19,m,Informatique,1,1,7djssno1,session 8 exogenous,,,session 8 19 11 13h exogenous  672 et 752 lent,0
12,6seuipoy,752,0,212,212,payment_uar,RedirectUAR,2025-11-19 12:09:15.187306,1,,,133.0,12,,0.0,21,m,MIASHS,1,1,7djssno1,session 8 exogenous,,,session 8 19 11 13h exogenous  672 et 752 lent,0
13,gzvp3ruz,523,0,212,212,payment_uar,RedirectUAR,2025-11-19 12:09:15.190718,1,,,57.0,13,,0.0,19,m,Informatique,1,1,7djssno1,session 8 exogenous,,,session 8 19 11 13h exogenous  672 et 752 lent,0
14,pw4ubl8n,777,0,212,212,payment_uar,RedirectUAR,2025-11-19 12:09:15.194285,1,,,76.0,14,,0.0,21,f,Génie Industriel ,1,1,7djssno1,session 8 exogenous,,,session 8 19 11 13h exogenous  672 et 752 lent,0
15,jxjsb99w,402,0,212,212,payment_uar,RedirectUAR,2025-11-19 12:09:15.198173,1,,,87.0,15,,0.0,24,m,Droit / Géopolitique,1,1,7djssno1,session 8 exogenous,,,session 8 19 11 13h exogenous  672 et 752 lent,0
16,g0uhbgir,131,0,212,212,payment_uar,RedirectUAR,2025-11-19 12:09:15.201819,1,,,52.0,16,,0.0,18,f,licence de psychologie,1,1,7djssno1,session 8 exogenous,,,session 8 19 11 13h exogenous  672 et 752 lent,0
17,ic2xbvt1,634,0,212,212,payment_uar,RedirectUAR,2025-11-19 12:09:15.205272,1,,,116.0,17,,0.0,24,f,histoire ,1,1,7djssno1,session 8 exogenous,,,session 8 19 11 13h exogenous  672 et 752 lent,0
18,fz3knnbj,259,0,212,212,payment_uar,RedirectUAR,2025-11-19 12:09:15.208513,1,,,120.0,18,,0.0,29,m,aucun,1,1,7djssno1,session 8 exogenous,,,session 8 19 11 13h exogenous  672 et 752 lent,0
19,0we0msv3,217,0,212,212,payment_uar,RedirectUAR,2025-11-19 12:09:15.211821,1,,,141.0,19,,0.0,21,f,Ingénieurie,1,1,7djssno1,session 8 exogenous,,,session 8 19 11 13h exogenous  672 et 752 lent,0
20,my59ffo0,864,0,212,212,payment_uar,RedirectUAR,2025-11-19 12:09:15.215446,1,,,120.0,20,,0.0,21,f,psychologie,1,1,7djssno1,session 8 exogenous,,,session 8 19 11 13h exogenous  672 et 752 lent,0
21,4fkhsv1x,103,0,212,212,payment_uar,RedirectUAR,2025-11-19 12:09:15.219236,1,,,67.0,21,,0.0,20,f,ingénierie,1,1,7djssno1,session 8 exogenous,,,session 8 19 11 13h exogenous  672 et 752 lent,0
22,ihrsb9cv,451,0,212,212,payment_uar,RedirectUAR,2025-11-19 12:09:15.222551,1,,,60.0,22,,0.0,25,m,Mathématiques,1,1,7djssno1,session 8 exogenous,,,session 8 19 11 13h exogenous  672 et 752 lent,0
23,0mrizgp6,319,0,212,212,payment_uar,RedirectUAR,2025-11-19 12:09:15.226043,1,,,66.0,23,,0.0,23,m,Langues vivantes,1,1,7djssno1,session 8 exogenous,,,session 8 19 11 13h exogenous  672 et 752 lent,0
24,diekb4fc,615,0,212,212,payment_uar,RedirectUAR,2025-11-19 12:09:15.229288,1,,,60.0,24,,0.0,19,f,Sexologie,1,1,7djssno1,session 8 exogenous,,,session 8 19 11 13h exogenous  672 et 752 lent,0
25,gb9eydoe,281,0,212,212,payment_uar,RedirectUAR,2025-11-19 12:09:15.232874,1,,,118.0,25,,0.0,21,m,Ingénierie,1,1,7djssno1,session 8 exogenous,,,session 8 19 11 13h exogenous  672 et 752 lent,0
26,coar0tj1,382,0,212,212,payment_uar,RedirectUAR,2025-11-19 12:09:15.236434,1,,,124.0,26,,0.0,18,f,Biochimie L1,1,1,7djssno1,session 8 exogenous,,,session 8 19 11 13h exogenous  672 et 752 lent,0
27,zrojays5,300,0,212,212,payment_uar,RedirectUAR,2025-11-19 12:09:15.239951,1,,,121.0,27,,0.0,21,f,Ingénieur,1,1,7djssno1,session 8 exogenous,,,session 8 19 11 13h exogenous  672 et 752 lent,0
28,c1kq1ckm,825,0,212,212,payment_uar,RedirectUAR,2025-11-19 12:09:15.243712,1,,,140.0,28,,0.0,21,m,Ingénierie - Génie Industriel,1,1,7djssno1,session 8 exogenous,,,session 8 19 11 13h exogenous  672 et 752 lent,0
29,bsmelcd6,238,0,212,212,payment_uar,RedirectUAR,2025-11-19 12:09:15.247412,1,,,67.0,29,,0.0,27,m,histoire,1,1,7djssno1,session 8 exogenous,,,session 8 19 11 13h exogenous  672 et 752 lent,0
30,1lgwynos,145,0,212,212,payment_uar,RedirectUAR,2025-11-19 12:09:15.250639,1,,,72.0,30,,0.0,22,m,physique - mécanique,1,1,7djssno1,session 8 exogenous,,,session 8 19 11 13h exogenous  672 et 752 lent,0
31,i9h005bz,397,0,212,212,payment_uar,RedirectUAR,2025-11-19 12:09:15.254206,1,,,66.0,31,,0.0,25,m,"Informatique, Data Science et IA",1,1,7djssno1,session 8 exogenous,,,session 8 19 11 13h exogenous  672 et 752 lent,0
32,2s9lyl5c,913,0,212,212,payment_uar,RedirectUAR,2025-11-19 12:09:15.257977,1,,,62.0,32,,0.0,21,f,ingénierie,1,1,7djssno1,session 8 exogenous,,,session 8 19 11 13h exogenous  672 et 752 lent,0
